Smith,1.006
Johnson,1.816
Williams,2.515
Jones,3.136
Brown,3.757
Davis,4.237
Miller,4.661
Wilson,5.000
Moore,5.312
Taylor,5.623
Anderson,5.934
Thomas,6.245
Jackson,6.555
White,6.834
Harris,7.109
Martin,7.382
Thompson,7.651
Garcia,7.905
Martinez,8.139
Robinson,8.372
Clark,8.603
Rodriguez,8.832
Lewis,9.058
Lee,9.278
Walker,9.497
Hall,9.697
Allen,9.896
Young,10.089
Hernandez,10.281
King,10.471
Wright,10.660
Lopez,10.847
Hill,11.034
Scott,11.219
Green,11.402
Adams,11.576
Baker,11.747
Gonzalez,11.913
Nelson,12.075
Carter,12.237
Mitchell,12.397
Perez,12.552
Roberts,12.705
Turner,12.857
Phillips,13.006
Campbell,13.155
Parker,13.301
Evans,13.442
Edwards,13.579
Collins,13.713
Stewart,13.846
Sanchez,13.976
Morris,14.101
Rogers,14.224
Reed,14.346
Cook,14.466
Morgan,14.584
Bell,14.701
Murphy,14.818
Bailey,14.933
Rivera,15.046
Cooper,15.159
Richardson,15.271
Cox,15.381
Howard,15.491
Ward,15.599
Torres,15.707
Peterson,15.814
Gray,15.920
Ramirez,16.025
James,16.130
Watson,16.233
Brooks,16.336
Kelly,16.438
Sanders,16.538
Price,16.637
Bennett,16.736
Wood,16.834
Barnes,16.931
Ross,17.027
Henderson,17.122
Coleman,17.217
Jenkins,17.312
Perry,17.406
Powell,17.499
Long,17.591
Patterson,17.683
Hughes,17.775
Flores,17.867
Washington,17.959
Butler,18.050
Simmons,18.141
Foster,18.232
Gonzales,18.319
Bryant,18.406
Alexander,18.491
Russell,18.576
Griffin,18.660
Diaz,18.744
Hayes,18.827
Myers,18.910
Ford,18.992
Hamilton,19.074
Graham,19.156
Sullivan,19.237
Wallace,19.318
Woods,19.398
Cole,19.478
West,19.558
Jordan,19.636
Owens,19.714
Reynolds,19.792
Fisher,19.869
Ellis,19.946
Harrison,20.022
Gibson,20.097
Mcdonald,20.172
Cruz,20.247
Marshall,20.322
Ortiz,20.397
Gomez,20.472
Murray,20.546
Freeman,20.620
Wells,20.693
Webb,20.765
Simpson,20.835
Stevens,20.905
Tucker,20.975
Porter,21.044
Hunter,21.113
Hicks,21.182
Crawford,21.250
Henry,21.318
Boyd,21.386
Mason,21.454
Morales,21.521
Kennedy,21.588
Warren,21.655
Dixon,21.721
Ramos,21.787
Reyes,21.853
Burns,21.918
Gordon,21.983
Shaw,22.048
Holmes,22.113
Rice,22.177
Robertson,22.241
Hunt,22.304
Black,22.367
Daniels,22.429
Palmer,22.491
Mills,22.552
Nichols,22.612
Grant,22.672
Knight,22.732
Ferguson,22.791
Rose,22.850
Stone,22.909
Hawkins,22.968
Dunn,23.026
Perkins,23.084
Hudson,23.142
Spencer,23.199
Gardner,23.256
Stephens,23.313
Payne,23.370
Pierce,23.426
Berry,23.482
Matthews,23.538
Arnold,23.594
Wagner,23.649
Willis,23.704
Ray,23.759
Watkins,23.814
Olson,23.869
Carroll,23.924
Duncan,23.979
Snyder,24.034
Hart,24.088
Cunningham,24.142
Bradley,24.196
Lane,24.250
Andrews,24.304
Ruiz,24.358
Harper,24.412
Fox,24.465
Riley,24.518
Armstrong,24.571
Carpenter,24.624
Weaver,24.677
Greene,24.730
Lawrence,24.782
Elliott,24.834
Chavez,24.886
Sims,24.938
Austin,24.990
Peters,25.042
Kelley,25.094
Franklin,25.145
Lawson,25.196
Fields,25.247
Gutierrez,25.298
Ryan,25.349
Schmidt,25.400
Carr,25.451
Vasquez,25.502
Castillo,25.553
Wheeler,25.604
Chapman,25.654
Oliver,25.704
Montgomery,25.753
Richards,25.802
Williamson,25.851
Johnston,25.900
Banks,25.948
Meyer,25.996
Bishop,26.044
Mccoy,26.092
Howell,26.140
Alvarez,26.188
Morrison,26.236
Hansen,26.283
Fernandez,26.330
Garza,26.377
Harvey,26.424
Little,26.470
Burton,26.516
Stanley,26.562
Nguyen,26.608
George,26.654
Jacobs,26.700
Reid,26.746
Kim,26.791
Fuller,26.836
Lynch,26.881
Dean,26.926
Gilbert,26.971
Garrett,27.016
Romero,27.061
Welch,27.105
Larson,27.149
Frazier,27.193
Burke,27.237
Hanson,27.280
Day,27.323
Mendoza,27.366
Moreno,27.409
Bowman,27.452
Medina,27.494
Fowler,27.536
Brewer,27.578
Hoffman,27.620
Carlson,27.662
Silva,27.704
Pearson,27.746
Holland,27.788
Douglas,27.829
Fleming,27.870
Jensen,27.911
Vargas,27.952
Byrd,27.993
Davidson,28.034
Hopkins,28.075
May,28.115
Terry,28.155
Herrera,28.195
Wade,28.235
Soto,28.275
Walters,28.315
Curtis,28.355
Neal,28.394
Caldwell,28.433
Lowe,28.472
Jennings,28.511
Barnett,28.550
Graves,28.589
Jimenez,28.628
Horton,28.667
Shelton,28.706
Barrett,28.745
Obrien,28.784
Castro,28.823
Sutton,28.861
Gregory,28.899
Mckinney,28.937
Lucas,28.975
Miles,29.013
Craig,29.051
Rodriquez,29.088
Chambers,29.125
Holt,29.162
Lambert,29.199
Fletcher,29.236
Watts,29.273
Bates,29.310
Hale,29.347
Rhodes,29.384
Pena,29.421
Beck,29.458
Newman,29.494
Haynes,29.530
Mcdaniel,29.566
Mendez,29.602
Bush,29.638
Vaughn,29.674
Parks,29.709
Dawson,29.744
Santiago,29.779
Norris,29.814
Hardy,29.849
Love,29.884
Steele,29.919
Curry,29.954
Powers,29.989
Schultz,30.024
Barker,30.059
Guzman,30.093
Page,30.127
Munoz,30.161
Ball,30.195
Keller,30.229
Chandler,30.263
Weber,30.297
Leonard,30.331
Walsh,30.364
Lyons,30.397
Ramsey,30.430
Wolfe,30.463
Schneider,30.496
Mullins,30.529
Benson,30.562
Sharp,30.595
Bowen,30.628
Daniel,30.661
Barber,30.693
Cummings,30.725
Hines,30.757
Baldwin,30.789
Griffith,30.821
Valdez,30.853
Hubbard,30.885
Salazar,30.917
Reeves,30.949
Warner,30.980
Stevenson,31.011
Burgess,31.042
Santos,31.073
Tate,31.104
Cross,31.135
Garner,31.166
Mann,31.197
Mack,31.228
Moss,31.259
Thornton,31.290
Dennis,31.321
Mcgee,31.352
Farmer,31.382
Delgado,31.412
Aguilar,31.442
Vega,31.472
Glover,31.502
Manning,31.532
Cohen,31.562
Harmon,31.592
Rodgers,31.622
Robbins,31.652
Newton,31.682
Todd,31.712
Blair,31.742
Higgins,31.772
Ingram,31.802
Reese,31.832
Cannon,31.862
Strickland,31.892
Townsend,31.922
Potter,31.952
Goodwin,31.982
Walton,32.012
Rowe,32.041
Hampton,32.070
Ortega,32.099
Patton,32.128
Swanson,32.157
Joseph,32.186
Francis,32.215
Goodman,32.244
Maldonado,32.273
Yates,32.302
Becker,32.331
Erickson,32.360
Hodges,32.389
Rios,32.418
Conner,32.447
Adkins,32.476
Webster,32.504
Norman,32.532
Malone,32.560
Hammond,32.588
Flowers,32.616
Cobb,32.644
Moody,32.672
Quinn,32.700
Blake,32.728
Maxwell,32.756
Pope,32.784
Floyd,32.811
Osborne,32.838
Paul,32.865
Mccarthy,32.892
Guerrero,32.919
Lindsey,32.946
Estrada,32.973
Sandoval,33.000
Gibbs,33.027
Tyler,33.054
Gross,33.081
Fitzgerald,33.108
Stokes,33.135
Doyle,33.162
Sherman,33.189
Saunders,33.216
Wise,33.243
Colon,33.270
Gill,33.297
Alvarado,33.324
Greer,33.350
Padilla,33.376
Simon,33.402
Waters,33.428
Nunez,33.454
Ballard,33.480
Schwartz,33.506
Mcbride,33.532
Houston,33.558
Christensen,33.584
Klein,33.610
Pratt,33.636
Briggs,33.662
Parsons,33.688
Mclaughlin,33.714
Zimmerman,33.740
French,33.766
Buchanan,33.792
Moran,33.818
Copeland,33.843
Roy,33.868
Pittman,33.893
Brady,33.918
Mccormick,33.943
Holloway,33.968
Brock,33.993
Poole,34.018
Frank,34.043
Logan,34.068
Owen,34.093
Bass,34.118
Marsh,34.143
Drake,34.168
Wong,34.193
Jefferson,34.218
Park,34.243
Morton,34.268
Abbott,34.293
Sparks,34.318
Patrick,34.342
Norton,34.366
Huff,34.390
Clayton,34.414
Massey,34.438
Lloyd,34.462
Figueroa,34.486
Carson,34.510
Bowers,34.534
Roberson,34.558
Barton,34.582
Tran,34.606
Lamb,34.630
Harrington,34.654
Casey,34.678
Boone,34.702
Cortez,34.726
Clarke,34.750
Mathis,34.774
Singleton,34.798
Wilkins,34.822
Cain,34.846
Bryan,34.870
Underwood,34.894
Hogan,34.918
Mckenzie,34.941
Collier,34.964
Luna,34.987
Phelps,35.010
Mcguire,35.033
Allison,35.056
Bridges,35.079
Wilkerson,35.102
Nash,35.125
Summers,35.148
Atkins,35.171
Wilcox,35.194
Pitts,35.217
Conley,35.240
Marquez,35.263
Burnett,35.286
Richard,35.309
Cochran,35.332
Chase,35.355
Davenport,35.378
Hood,35.401
Gates,35.424
Clay,35.447
Ayala,35.470
Sawyer,35.493
Roman,35.516
Vazquez,35.539
Dickerson,35.562
Hodge,35.584
Acosta,35.606
Flynn,35.628
Espinoza,35.650
Nicholson,35.672
Monroe,35.694
Wolf,35.716
Morrow,35.738
Kirk,35.760
Randall,35.782
Anthony,35.804
Whitaker,35.826
Oconnor,35.848
Skinner,35.870
Ware,35.892
Molina,35.914
Kirby,35.936
Huffman,35.958
Bradford,35.980
Charles,36.002
Gilmore,36.024
Dominguez,36.046
Oneal,36.068
Bruce,36.090
Lang,36.111
Combs,36.132
Kramer,36.153
Heath,36.174
Hancock,36.195
Gallagher,36.216
Gaines,36.237
Shaffer,36.258
Short,36.279
Wiggins,36.300
Mathews,36.321
Mcclain,36.342
Fischer,36.363
Wall,36.384
Small,36.405
Melton,36.426
Hensley,36.447
Bond,36.468
Dyer,36.489
Cameron,36.510
Grimes,36.531
Contreras,36.552
Christian,36.573
Wyatt,36.594
Baxter,36.615
Snow,36.636
Mosley,36.657
Shepherd,36.678
Larsen,36.699
Hoover,36.720
Beasley,36.740
Glenn,36.760
Petersen,36.780
Whitehead,36.800
Meyers,36.820
Keith,36.840
Garrison,36.860
Vincent,36.880
Shields,36.900
Horn,36.920
Savage,36.940
Olsen,36.960
Schroeder,36.980
Hartman,37.000
Woodard,37.020
Mueller,37.040
Kemp,37.060
Deleon,37.080
Booth,37.100
Patel,37.120
Calhoun,37.140
Wiley,37.160
Eaton,37.180
Cline,37.200
Navarro,37.220
Harrell,37.240
Lester,37.260
Humphrey,37.280
Parrish,37.300
Duran,37.320
Hutchinson,37.340
Hess,37.360
Dorsey,37.380
Bullock,37.400
Robles,37.420
Beard,37.439
Dalton,37.458
Avila,37.477
Vance,37.496
Rich,37.515
Blackwell,37.534
York,37.553
Johns,37.572
Blankenship,37.591
Trevino,37.610
Salinas,37.629
Campos,37.648
Pruitt,37.667
Moses,37.686
Callahan,37.705
Golden,37.724
Montoya,37.743
Hardin,37.762
Guerra,37.781
Mcdowell,37.800
Carey,37.819
Stafford,37.838
Gallegos,37.857
Henson,37.876
Wilkinson,37.895
Booker,37.914
Merritt,37.933
Miranda,37.952
Atkinson,37.971
Orr,37.990
Decker,38.009
Hobbs,38.028
Preston,38.047
Tanner,38.066
Knox,38.085
Pacheco,38.104
Stephenson,38.122
Glass,38.140
Rojas,38.158
Serrano,38.176
Marks,38.194
Hickman,38.212
English,38.230
Sweeney,38.248
Strong,38.266
Prince,38.284
Mcclure,38.302
Conway,38.320
Walter,38.338
Roth,38.356
Maynard,38.374
Farrell,38.392
Lowery,38.410
Hurst,38.428
Nixon,38.446
Weiss,38.464
Trujillo,38.482
Ellison,38.500
Sloan,38.518
Juarez,38.536
Winters,38.554
Mclean,38.572
Randolph,38.590
Leon,38.608
Boyer,38.626
Villarreal,38.644
Mccall,38.662
Gentry,38.680
Carrillo,38.697
Kent,38.714
Ayers,38.731
Lara,38.748
Shannon,38.765
Sexton,38.782
Pace,38.799
Hull,38.816
Leblanc,38.833
Browning,38.850
Velasquez,38.867
Leach,38.884
Chang,38.901
House,38.918
Sellers,38.935
Herring,38.952
Noble,38.969
Foley,38.986
Bartlett,39.003
Mercado,39.020
Landry,39.037
Durham,39.054
Walls,39.071
Barr,39.088
Mckee,39.105
Bauer,39.122
Rivers,39.139
Everett,39.156
Bradshaw,39.173
Pugh,39.190
Velez,39.207
Rush,39.224
Estes,39.241
Dodson,39.258
Morse,39.275
Sheppard,39.292
Weeks,39.309
Camacho,39.326
Bean,39.343
Barron,39.360
Livingston,39.377
Middleton,39.393
Spears,39.409
Branch,39.425
Blevins,39.441
Chen,39.457
Kerr,39.473
Mcconnell,39.489
Hatfield,39.505
Harding,39.521
Ashley,39.537
Solis,39.553
Herman,39.569
Frost,39.585
Giles,39.601
Blackburn,39.617
William,39.633
Pennington,39.649
Woodward,39.665
Finley,39.681
Mcintosh,39.697
Koch,39.713
Best,39.729
Solomon,39.745
Mccullough,39.761
Dudley,39.777
Nolan,39.793
Blanchard,39.809
Rivas,39.825
Brennan,39.841
Mejia,39.857
Kane,39.873
Benton,39.889
Joyce,39.905
Buckley,39.921
Haley,39.937
Valentine,39.953
Maddox,39.969
Russo,39.985
Mcknight,40.001
Buck,40.017
Moon,40.033
Mcmillan,40.049
Crosby,40.065
Berg,40.081
Dotson,40.097
Mays,40.113
Roach,40.129
Church,40.145
Chan,40.161
Richmond,40.177
Meadows,40.193
Faulkner,40.209
Oneill,40.225
Knapp,40.241
Kline,40.256
Barry,40.271
Ochoa,40.286
Jacobson,40.301
Gay,40.316
Avery,40.331
Hendricks,40.346
Horne,40.361
Shepard,40.376
Hebert,40.391
Cherry,40.406
Cardenas,40.421
Mcintyre,40.436
Whitney,40.451
Waller,40.466
Holman,40.481
Donaldson,40.496
Cantu,40.511
Terrell,40.526
Morin,40.541
Gillespie,40.556
Fuentes,40.571
Tillman,40.586
Sanford,40.601
Bentley,40.616
Peck,40.631
Key,40.646
Salas,40.661
Rollins,40.676
Gamble,40.691
Dickson,40.706
Battle,40.721
Santana,40.736
Cabrera,40.751
Cervantes,40.766
Howe,40.781
Hinton,40.796
Hurley,40.811
Spence,40.826
Zamora,40.841
Yang,40.856
Mcneil,40.871
Suarez,40.886
Case,40.901
Petty,40.916
Gould,40.931
Mcfarland,40.946
Sampson,40.961
Carver,40.976
Bray,40.991
Rosario,41.006
Macdonald,41.021
Stout,41.036
Hester,41.051
Melendez,41.066
Dillon,41.081
Farley,41.096
Hopper,41.111
Galloway,41.126
Potts,41.141
Bernard,41.156
Joyner,41.170
Stein,41.184
Aguirre,41.198
Osborn,41.212
Mercer,41.226
Bender,41.240
Franco,41.254
Rowland,41.268
Sykes,41.282
Benjamin,41.296
Travis,41.310
Pickett,41.324
Crane,41.338
Sears,41.352
Mayo,41.366
Dunlap,41.380
Hayden,41.394
Wilder,41.408
Mckay,41.422
Coffey,41.436
Mccarty,41.450
Ewing,41.464
Cooley,41.478
Vaughan,41.492
Bonner,41.506
Cotton,41.520
Holder,41.534
Stark,41.548
Ferrell,41.562
Cantrell,41.576
Fulton,41.590
Lynn,41.604
Lott,41.618
Calderon,41.632
Rosa,41.646
Pollard,41.660
Hooper,41.674
Burch,41.688
Mullen,41.702
Fry,41.716
Riddle,41.730
Levy,41.744
David,41.758
Duke,41.772
Odonnell,41.786
Guy,41.800
Michael,41.814
Britt,41.828
Frederick,41.842
Daugherty,41.856
Berger,41.870
Dillard,41.884
Alston,41.898
Jarvis,41.912
Frye,41.926
Riggs,41.940
Chaney,41.954
Odom,41.967
Duffy,41.980
Fitzpatrick,41.993
Valenzuela,42.006
Merrill,42.019
Mayer,42.032
Alford,42.045
Mcpherson,42.058
Acevedo,42.071
Donovan,42.084
Barrera,42.097
Albert,42.110
Cote,42.123
Reilly,42.136
Compton,42.149
Raymond,42.162
Mooney,42.175
Mcgowan,42.188
Craft,42.201
Cleveland,42.214
Clemons,42.227
Wynn,42.240
Nielsen,42.253
Baird,42.266
Stanton,42.279
Snider,42.292
Rosales,42.305
Bright,42.318
Witt,42.331
Stuart,42.344
Hays,42.357
Holden,42.370
Rutledge,42.383
Kinney,42.396
Clements,42.409
Castaneda,42.422
Slater,42.435
Hahn,42.448
Emerson,42.461
Conrad,42.474
Burks,42.487
Delaney,42.500
Pate,42.513
Lancaster,42.526
Sweet,42.539
Justice,42.552
Tyson,42.565
Sharpe,42.578
Whitfield,42.591
Talley,42.604
Macias,42.617
Irwin,42.630
Burris,42.643
Ratliff,42.656
Mccray,42.669
Madden,42.682
Kaufman,42.695
Beach,42.708
Goff,42.721
Cash,42.734
Bolton,42.747
Mcfadden,42.760
Levine,42.773
Good,42.786
Byers,42.799
Kirkland,42.812
Kidd,42.825
Workman,42.838
Carney,42.851
Dale,42.864
Mcleod,42.877
Holcomb,42.890
England,42.903
Finch,42.916
Head,42.928
Burt,42.940
Hendrix,42.952
Sosa,42.964
Haney,42.976
Franks,42.988
Sargent,43.000
Nieves,43.012
Downs,43.024
Rasmussen,43.036
Bird,43.048
Hewitt,43.060
Lindsay,43.072
Le,43.084
Foreman,43.096
Valencia,43.108
Oneil,43.120
Delacruz,43.132
Vinson,43.144
Dejesus,43.156
Hyde,43.168
Forbes,43.180
Gilliam,43.192
Guthrie,43.204
Wooten,43.216
Huber,43.228
Barlow,43.240
Boyle,43.252
Mcmahon,43.264
Buckner,43.276
Rocha,43.288
Puckett,43.300
Langley,43.312
Knowles,43.324
Cooke,43.336
Velazquez,43.348
Whitley,43.360
Noel,43.372
Vang,43.384
Shea,43.396
Rouse,43.408
Hartley,43.420
Mayfield,43.432
Elder,43.444
Rankin,43.456
Hanna,43.468
Cowan,43.480
Lucero,43.492
Arroyo,43.504
Slaughter,43.516
Haas,43.528
Oconnell,43.540
Minor,43.552
Kendrick,43.564
Shirley,43.576
Kendall,43.588
Boucher,43.600
Archer,43.612
Boggs,43.624
Odell,43.636
Dougherty,43.648
Andersen,43.660
Newell,43.672
Crowe,43.684
Wang,43.696
Friedman,43.708
Bland,43.720
Swain,43.732
Holley,43.744
Felix,43.756
Pearce,43.768
Childs,43.780
Yarbrough,43.792
Galvan,43.804
Proctor,43.816
Meeks,43.828
Lozano,43.840
Mora,43.852
Rangel,43.864
Bacon,43.876
Villanueva,43.888
Schaefer,43.900
Rosado,43.912
Helms,43.924
Boyce,43.936
Goss,43.948
Stinson,43.959
Smart,43.970
Lake,43.981
Ibarra,43.992
Hutchins,44.003
Covington,44.014
Reyna,44.025
Gregg,44.036
Werner,44.047
Crowley,44.058
Hatcher,44.069
Mackey,44.080
Bunch,44.091
Womack,44.102
Polk,44.113
Jamison,44.124
Dodd,44.135
Childress,44.146
Childers,44.157
Camp,44.168
Villa,44.179
Dye,44.190
Springer,44.201
Mahoney,44.212
Dailey,44.223
Belcher,44.234
Lockhart,44.245
Griggs,44.256
Costa,44.267
Connor,44.278
Brandt,44.289
Winter,44.300
Walden,44.311
Moser,44.322
Tracy,44.333
Tatum,44.344
Mccann,44.355
Akers,44.366
Lutz,44.377
Pryor,44.388
Law,44.399
Orozco,44.410
Mcallister,44.421
Lugo,44.432
Davies,44.443
Shoemaker,44.454
Madison,44.465
Rutherford,44.476
Newsome,44.487
Magee,44.498
Chamberlain,44.509
Blanton,44.520
Simms,44.531
Godfrey,44.542
Flanagan,44.553
Crum,44.564
Cordova,44.575
Escobar,44.586
Downing,44.597
Sinclair,44.608
Donahue,44.619
Krueger,44.630
Mcginnis,44.641
Gore,44.652
Farris,44.663
Webber,44.674
Corbett,44.685
Andrade,44.696
Starr,44.707
Lyon,44.718
Yoder,44.729
Hastings,44.740
Mcgrath,44.751
Spivey,44.762
Krause,44.773
Harden,44.784
Crabtree,44.795
Kirkpatrick,44.806
Hollis,44.817
Brandon,44.828
Arrington,44.839
Ervin,44.850
Clifton,44.861
Ritter,44.872
Mcghee,44.883
Bolden,44.894
Maloney,44.905
Gagnon,44.916
Dunbar,44.927
Ponce,44.938
Pike,44.949
Mayes,44.960
Heard,44.971
Beatty,44.982
Mobley,44.993
Kimball,45.004
Butts,45.015
Montes,45.026
Herbert,45.037
Grady,45.048
Eldridge,45.059
Braun,45.070
Hamm,45.081
Gibbons,45.092
Seymour,45.103
Moyer,45.114
Manley,45.125
Herron,45.136
Plummer,45.147
Elmore,45.158
Cramer,45.169
Gary,45.180
Rucker,45.191
Hilton,45.202
Blue,45.213
Pierson,45.224
Fontenot,45.235
Field,45.246
Rubio,45.257
Grace,45.268
Goldstein,45.279
Elkins,45.290
Wills,45.300
Novak,45.310
John,45.320
Hickey,45.330
Worley,45.340
Gorman,45.350
Katz,45.360
Dickinson,45.370
Broussard,45.380
Fritz,45.390
Woodruff,45.400
Crow,45.410
Christopher,45.420
Britton,45.430
Forrest,45.440
Nance,45.450
Lehman,45.460
Bingham,45.470
Zuniga,45.480
Whaley,45.490
Shafer,45.500
Coffman,45.510
Steward,45.520
Delarosa,45.530
Nix,45.540
Neely,45.550
Numbers,45.560
Mata,45.570
Manuel,45.580
Davila,45.590
Mccabe,45.600
Kessler,45.610
Emery,45.620
Bowling,45.630
Hinkle,45.640
Welsh,45.650
Pagan,45.660
Goldberg,45.670
Goins,45.680
Crouch,45.690
Cuevas,45.700
Quinones,45.710
Mcdermott,45.720
Hendrickson,45.730
Samuels,45.740
Denton,45.750
Bergeron,45.760
Lam,45.770
Ivey,45.780
Locke,45.790
Haines,45.800
Thurman,45.810
Snell,45.820
Hoskins,45.830
Byrne,45.840
Milton,45.850
Winston,45.860
Arthur,45.870
Arias,45.880
Stanford,45.890
Roe,45.900
Corbin,45.910
Beltran,45.920
Chappell,45.930
Hurt,45.940
Downey,45.950
Dooley,45.960
Tuttle,45.970
Couch,45.980
Payton,45.990
Mcelroy,46.000
Crockett,46.010
Groves,46.020
Clement,46.030
Leslie,46.040
Cartwright,46.050
Dickey,46.060
Mcgill,46.070
Dubois,46.080
Muniz,46.090
Erwin,46.100
Self,46.110
Tolbert,46.120
Dempsey,46.130
Cisneros,46.140
Sewell,46.150
Latham,46.160
Garland,46.170
Vigil,46.180
Tapia,46.190
Sterling,46.200
Rainey,46.210
Norwood,46.220
Lacy,46.230
Stroud,46.240
Meade,46.250
Amos,46.260
Tipton,46.270
Lord,46.280
Kuhn,46.290
Hilliard,46.300
Bonilla,46.310
Teague,46.320
Courtney,46.330
Gunn,46.340
Ho,46.350
Greenwood,46.360
Correa,46.370
Reece,46.380
Weston,46.390
Poe,46.400
Trent,46.410
Pineda,46.420
Phipps,46.430
Frey,46.440
Kaiser,46.450
Ames,46.460
Paige,46.470
Gunter,46.480
Schmitt,46.490
Milligan,46.500
Espinosa,46.510
Carlton,46.520
Bowden,46.530
Vickers,46.540
Lowry,46.550
Pritchard,46.560
Costello,46.570
Piper,46.579
Mcclellan,46.588
Lovell,46.597
Drew,46.606
Sheehan,46.615
Quick,46.624
Hatch,46.633
Dobson,46.642
Singh,46.651
Jeffries,46.660
Hollingsworth,46.669
Sorensen,46.678
Meza,46.687
Fink,46.696
Donnelly,46.705
Burrell,46.714
Bruno,46.723
Tomlinson,46.732
Colbert,46.741
Billings,46.750
Ritchie,46.759
Helton,46.768
Sutherland,46.777
Peoples,46.786
Mcqueen,46.795
Gaston,46.804
Thomason,46.813
Mckinley,46.822
Givens,46.831
Crocker,46.840
Vogel,46.849
Robison,46.858
Dunham,46.867
Coker,46.876
Swartz,46.885
Keys,46.894
Lilly,46.903
Ladner,46.912
Hannah,46.921
Willard,46.930
Richter,46.939
Hargrove,46.948
Edmonds,46.957
Brantley,46.966
Albright,46.975
Murdock,46.984
Boswell,46.993
Muller,47.002
Quintero,47.011
Padgett,47.020
Kenney,47.029
Daly,47.038
Connolly,47.047
Pierre,47.056
Inman,47.065
Quintana,47.074
Lund,47.083
Barnard,47.092
Villegas,47.101
Simons,47.110
Land,47.119
Huggins,47.128
Tidwell,47.137
Sanderson,47.146
Bullard,47.155
Mcclendon,47.164
Duarte,47.173
Draper,47.182
Meredith,47.191
Marrero,47.200
Dwyer,47.209
Abrams,47.218
Stover,47.227
Goode,47.236
Fraser,47.245
Crews,47.254
Bernal,47.263
Smiley,47.272
Godwin,47.281
Fish,47.290
Conklin,47.299
Mcneal,47.308
Baca,47.317
Esparza,47.326
Crowder,47.335
Bower,47.344
Nicholas,47.353
Chung,47.362
Brewster,47.371
Mcneill,47.380
Dick,47.389
Rodrigues,47.398
Leal,47.407
Coates,47.416
Raines,47.425
Mccain,47.434
Mccord,47.443
Miner,47.452
Holbrook,47.461
Swift,47.470
Dukes,47.479
Carlisle,47.488
Aldridge,47.497
Ackerman,47.506
Starks,47.515
Ricks,47.524
Holliday,47.533
Ferris,47.542
Hairston,47.551
Sheffield,47.560
Lange,47.569
Fountain,47.578
Marino,47.587
Doss,47.596
Betts,47.605
Kaplan,47.614
Carmichael,47.623
Bloom,47.632
Ruffin,47.641
Penn,47.650
Kern,47.659
Bowles,47.668
Sizemore,47.677
Larkin,47.686
Dupree,47.695
Jewell,47.704
Silver,47.713
Seals,47.722
Metcalf,47.731
Hutchison,47.740
Henley,47.749
Farr,47.758
Castle,47.767
Mccauley,47.776
Hankins,47.785
Gustafson,47.794
Deal,47.803
Curran,47.812
Ash,47.821
Waddell,47.830
Ramey,47.839
Cates,47.848
Pollock,47.857
Major,47.866
Irvin,47.875
Cummins,47.884
Messer,47.893
Heller,47.902
Dewitt,47.911
Lin,47.920
Funk,47.929
Cornett,47.938
Palacios,47.947
Galindo,47.956
Cano,47.965
Hathaway,47.974
Singer,47.982
Pham,47.990
Enriquez,47.998
Aaron,48.006
Salgado,48.014
Pelletier,48.022
Painter,48.030
Wiseman,48.038
Blount,48.046
Hand,48.054
Feliciano,48.062
Temple,48.070
Houser,48.078
Doherty,48.086
Mead,48.094
Mcgraw,48.102
Toney,48.110
Swan,48.118
Melvin,48.126
Capps,48.134
Blanco,48.142
Blackmon,48.150
Wesley,48.158
Thomson,48.166
Mcmanus,48.174
Fair,48.182
Burkett,48.190
Post,48.198
Gleason,48.206
Rudolph,48.214
Ott,48.222
Dickens,48.230
Cormier,48.238
Voss,48.246
Rushing,48.254
Rosenberg,48.262
Hurd,48.270
Dumas,48.278
Benitez,48.286
Arellano,48.294
Story,48.302
Marin,48.310
Caudill,48.318
Bragg,48.326
Jaramillo,48.334
Huerta,48.342
Gipson,48.350
Colvin,48.358
Biggs,48.366
Vela,48.374
Platt,48.382
Cassidy,48.390
Tompkins,48.398
Mccollum,48.406
Kay,48.414
Gabriel,48.422
Dolan,48.430
Daley,48.438
Crump,48.446
Street,48.454
Sneed,48.462
Kilgore,48.470
Grove,48.478
Grimm,48.486
Davison,48.494
Brunson,48.502
Prater,48.510
Marcum,48.518
Devine,48.526
Kyle,48.534
Dodge,48.542
Stratton,48.550
Rosas,48.558
Choi,48.566
Tripp,48.574
Ledbetter,48.582
Lay,48.590
Hightower,48.598
Haywood,48.606
Feldman,48.614
Epps,48.622
Yeager,48.630
Posey,48.638
Sylvester,48.646
Scruggs,48.654
Cope,48.662
Stubbs,48.670
Richey,48.678
Overton,48.686
Trotter,48.694
Sprague,48.702
Cordero,48.710
Butcher,48.718
Burger,48.726
Stiles,48.734
Burgos,48.742
Woodson,48.750
Horner,48.758
Bassett,48.766
Purcell,48.774
Haskins,48.782
Gee,48.790
Akins,48.798
Abraham,48.806
Hoyt,48.814
Ziegler,48.822
Spaulding,48.830
Hadley,48.838
Grubbs,48.846
Sumner,48.854
Murillo,48.862
Zavala,48.870
Shook,48.878
Lockwood,48.886
Jarrett,48.894
Driscoll,48.902
Dahl,48.910
Thorpe,48.918
Sheridan,48.926
Redmond,48.934
Putnam,48.942
Mcwilliams,48.950
Mcrae,48.958
Cornell,48.966
Felton,48.974
Romano,48.982
Joiner,48.990
Sadler,48.998
Hedrick,49.006
Hager,49.014
Hagen,49.022
Fitch,49.030
Coulter,49.038
Thacker,49.046
Mansfield,49.054
Langston,49.062
Guidry,49.070
Ferreira,49.078
Corley,49.086
Conn,49.094
Rossi,49.102
Lackey,49.110
Cody,49.118
Baez,49.126
Saenz,49.134
Mcnamara,49.142
Darnell,49.150
Michel,49.158
Mcmullen,49.166
Mckenna,49.174
Mcdonough,49.182
Link,49.190
Engel,49.198
Browne,49.206
Roper,49.214
Peacock,49.222
Eubanks,49.230
Drummond,49.238
Stringer,49.246
Pritchett,49.254
Parham,49.262
Mims,49.270
Landers,49.278
Ham,49.286
Grayson,49.294
Stacy,49.302
Schafer,49.310
Egan,49.318
Timmons,49.326
Ohara,49.334
Keen,49.342
Hamlin,49.350
Finn,49.358
Cortes,49.366
Mcnair,49.374
Louis,49.382
Clifford,49.390
Nadeau,49.398
Moseley,49.406
Michaud,49.414
Rosen,49.422
Oakes,49.430
Kurtz,49.438
Jeffers,49.446
Calloway,49.454
Beal,49.462
Bautista,49.470
Winn,49.478
Suggs,49.486
Stern,49.494
Stapleton,49.502
Lyles,49.510
Laird,49.518
Montano,49.526
Diamond,49.534
Dawkins,49.542
Roland,49.550
Hagan,49.558
Goldman,49.566
Bryson,49.574
Barajas,49.582
Lovett,49.590
Segura,49.598
Metz,49.606
Lockett,49.614
Langford,49.622
Hinson,49.630
Eastman,49.638
Rock,49.646
Hooks,49.654
Woody,49.661
Smallwood,49.668
Shapiro,49.675
Crowell,49.682
Whalen,49.689
Triplett,49.696
Hooker,49.703
Chatman,49.710
Aldrich,49.717
Cahill,49.724
Youngblood,49.731
Ybarra,49.738
Stallings,49.745
Sheets,49.752
Samuel,49.759
Reeder,49.766
Person,49.773
Pack,49.780
Lacey,49.787
Connelly,49.794
Bateman,49.801
Abernathy,49.808
Winkler,49.815
Wilkes,49.822
Masters,49.829
Hackett,49.836
Granger,49.843
Gillis,49.850
Schmitz,49.857
Sapp,49.864
Napier,49.871
Souza,49.878
Lanier,49.885
Gomes,49.892
Weir,49.899
Otero,49.906
Ledford,49.913
Burroughs,49.920
Babcock,49.927
Ventura,49.934
Siegel,49.941
Dugan,49.948
Clinton,49.955
Christie,49.962
Bledsoe,49.969
Atwood,49.976
Wray,49.983
Varner,49.990
Spangler,49.997
Otto,50.004
Anaya,50.011
Staley,50.018
Kraft,50.025
Fournier,50.032
Eddy,50.039
Belanger,50.046
Wolff,50.053
Thorne,50.060
Bynum,50.067
Burnette,50.074
Boykin,50.081
Swenson,50.088
Purvis,50.095
Pina,50.102
Khan,50.109
Duvall,50.116
Darby,50.123
Xiong,50.130
Kauffman,50.137
Ali,50.144
Yu,50.151
Healy,50.158
Engle,50.165
Corona,50.172
Benoit,50.179
Valle,50.186
Steiner,50.193
Spicer,50.200
Shaver,50.207
Randle,50.214
Lundy,50.221
Dow,50.228
Chin,50.235
Calvert,50.242
Staton,50.249
Neff,50.256
Kearney,50.263
Darden,50.270
Oakley,50.277
Medeiros,50.284
Mccracken,50.291
Crenshaw,50.298
Block,50.305
Beaver,50.312
Perdue,50.319
Dill,50.326
Whittaker,50.333
Tobin,50.340
Cornelius,50.347
Washburn,50.354
Hogue,50.361
Goodrich,50.368
Easley,50.375
Bravo,50.382
Dennison,50.389
Vera,50.396
Shipley,50.403
Kerns,50.410
Jorgensen,50.417
Crain,50.424
Abel,50.431
Villalobos,50.438
Maurer,50.445
Longoria,50.452
Keene,50.459
Coon,50.466
Sierra,50.473
Witherspoon,50.480
Staples,50.487
Pettit,50.494
Kincaid,50.501
Eason,50.508
Madrid,50.515
Echols,50.522
Lusk,50.529
Wu,50.536
Stahl,50.543
Currie,50.550
Thayer,50.557
Shultz,50.564
Sherwood,50.571
Mcnally,50.578
Seay,50.585
North,50.592
Maher,50.599
Kenny,50.606
Hope,50.613
Gagne,50.620
Barrow,50.627
Nava,50.634
Myles,50.641
Moreland,50.648
Honeycutt,50.655
Hearn,50.662
Diggs,50.669
Caron,50.676
Whitten,50.683
Westbrook,50.690
Stovall,50.697
Ragland,50.704
Queen,50.711
Munson,50.718
Meier,50.725
Looney,50.732
Kimble,50.739
Jolly,50.746
Hobson,50.753
London,50.760
Goddard,50.767
Culver,50.774
Burr,50.781
Presley,50.788
Negron,50.795
Connell,50.802
Tovar,50.809
Marcus,50.816
Huddleston,50.823
Hammer,50.830
Ashby,50.837
Salter,50.844
Root,50.851
Pendleton,50.858
Oleary,50.865
Nickerson,50.872
Myrick,50.879
Judd,50.886
Jacobsen,50.893
Elliot,50.900
Bain,50.907
Adair,50.914
Starnes,50.921
Sheldon,50.928
Matos,50.935
Light,50.942
Busby,50.949
Herndon,50.956
Hanley,50.963
Bellamy,50.970
Jack,50.977
Doty,50.984
Bartley,50.991
Yazzie,50.998
Rowell,51.005
Parson,51.012
Gifford,51.019
Cullen,51.026
Christiansen,51.033
Benavides,51.040
Barnhart,51.047
Talbot,51.054
Mock,51.061
Crandall,51.068
Connors,51.075
Bonds,51.082
Whitt,51.089
Gage,51.096
Bergman,51.103
Arredondo,51.110
Addison,51.117
Marion,51.124
Lujan,51.131
Dowdy,51.138
Jernigan,51.145
Huynh,51.152
Bouchard,51.159
Dutton,51.166
Rhoades,51.173
Ouellette,51.180
Kiser,51.187
Rubin,51.194
Herrington,51.201
Hare,51.208
Denny,51.215
Blackman,51.222
Babb,51.229
Allred,51.236
Rudd,51.243
Paulson,51.250
Ogden,51.257
Koenig,51.264
Jacob,51.271
Irving,51.278
Geiger,51.285
Begay,51.292
Parra,51.299
Champion,51.306
Lassiter,51.313
Hawk,51.320
Esposito,51.327
Cho,51.334
Waldron,51.341
Vernon,51.348
Ransom,51.355
Prather,51.362
Keenan,51.369
Jean,51.376
Grover,51.383
Chacon,51.390
Vick,51.397
Sands,51.404
Roark,51.411
Parr,51.418
Mayberry,51.425
Greenberg,51.432
Coley,51.439
Bruner,51.446
Whitman,51.453
Skaggs,51.460
Shipman,51.467
Means,51.474
Leary,51.481
Hutton,51.488
Romo,51.495
Medrano,51.502
Ladd,51.509
Kruse,51.516
Friend,51.523
Darling,51.530
Askew,51.537
Valentin,51.544
Schulz,51.551
Alfaro,51.558
Tabor,51.565
Mohr,51.572
Gallo,51.579
Bermudez,51.586
Pereira,51.593
Isaac,51.600
Bliss,51.607
Reaves,51.613
Flint,51.619
Comer,51.625
Boston,51.631
Woodall,51.637
Naquin,51.643
Guevara,51.649
Earl,51.655
Delong,51.661
Carrier,51.667
Pickens,51.673
Brand,51.679
Tilley,51.685
Schaffer,51.691
Read,51.697
Lim,51.703
Knutson,51.709
Fenton,51.715
Doran,51.721
Chu,51.727
Vogt,51.733
Vann,51.739
Prescott,51.745
Mclain,51.751
Landis,51.757
Corcoran,51.763
Ambrose,51.769
Zapata,51.775
Hyatt,51.781
Hemphill,51.787
Faulk,51.793
Call,51.799
Dove,51.805
Boudreaux,51.811
Aragon,51.817
Whitlock,51.823
Trejo,51.829
Tackett,51.835
Shearer,51.841
Saldana,51.847
Hanks,51.853
Gold,51.859
Driver,51.865
Mckinnon,51.871
Koehler,51.877
Champagne,51.883
Bourgeois,51.889
Pool,51.895
Keyes,51.901
Goodson,51.907
Foote,51.913
Early,51.919
Lunsford,51.925
Goldsmith,51.931
Flood,51.937
Winslow,51.943
Sams,51.949
Reagan,51.955
Mccloud,51.961
Hough,51.967
Esquivel,51.973
Naylor,51.979
Loomis,51.985
Coronado,51.991
Ludwig,51.997
Braswell,52.003
Bearden,52.009
Sherrill,52.015
Huang,52.021
Fagan,52.027
Ezell,52.033
Edmondson,52.039
Cyr,52.045
Cronin,52.051
Nunn,52.057
Lemon,52.063
Guillory,52.069
Grier,52.075
Dubose,52.081
Traylor,52.087
Ryder,52.093
Dobbins,52.099
Coyle,52.105
Aponte,52.111
Whitmore,52.117
Smalls,52.123
Rowan,52.129
Malloy,52.135
Cardona,52.141
Braxton,52.147
Borden,52.153
Humphries,52.159
Carrasco,52.165
Ruff,52.171
Metzger,52.177
Huntley,52.183
Hinojosa,52.189
Finney,52.195
Madsen,52.201
Hong,52.207
Hills,52.213
Ernst,52.219
Dozier,52.225
Burkhart,52.231
Bowser,52.237
Peralta,52.243
Daigle,52.249
Whittington,52.255
Sorenson,52.261
Saucedo,52.267
Roche,52.273
Redding,52.279
Loyd,52.285
Fugate,52.291
Avalos,52.297
Waite,52.303
Lind,52.309
Huston,52.315
Hay,52.321
Benedict,52.327
Hawthorne,52.333
Hamby,52.339
Boyles,52.345
Boles,52.351
Regan,52.357
Faust,52.363
Crook,52.369
Beam,52.375
Barger,52.381
Hinds,52.387
Gallardo,52.393
Elias,52.399
Willoughby,52.405
Willingham,52.411
Wilburn,52.417
Eckert,52.423
Busch,52.429
Zepeda,52.435
Worthington,52.441
Tinsley,52.447
Russ,52.453
Li,52.459
Hoff,52.465
Hawley,52.471
Carmona,52.477
Varela,52.483
Rector,52.489
Newcomb,52.495
Mallory,52.501
Kinsey,52.507
Dube,52.513
Whatley,52.519
Strange,52.525
Ragsdale,52.531
Ivy,52.537
Bernstein,52.543
Becerra,52.549
Yost,52.555
Mattson,52.561
Ly,52.567
Felder,52.573
Cheek,52.579
Luke,52.585
Handy,52.591
Grossman,52.597
Gauthier,52.603
Escobedo,52.609
Braden,52.615
Beckman,52.621
Mott,52.627
Hillman,52.633
Gil,52.639
Flaherty,52.645
Dykes,52.651
Doe,52.657
Stockton,52.663
Stearns,52.669
Lofton,52.675
Kitchen,52.681
Coats,52.687
Cavazos,52.693
Beavers,52.699
Barrios,52.705
Tang,52.711
Parish,52.717
Mosher,52.723
Lincoln,52.729
Cardwell,52.735
Coles,52.741
Burnham,52.747
Weller,52.753
Lemons,52.759
Beebe,52.765
Aguilera,52.771
Ring,52.777
Parnell,52.783
Harman,52.789
Couture,52.795
Alley,52.801
Schumacher,52.807
Redd,52.813
Dobbs,52.819
Blum,52.825
Blalock,52.831
Merchant,52.837
Ennis,52.843
Denson,52.849
Cottrell,52.855
Chester,52.861
Brannon,52.867
Bagley,52.873
Aviles,52.879
Watt,52.885
Sousa,52.891
Rosenthal,52.897
Rooney,52.903
Dietz,52.909
Blank,52.915
Paquette,52.921
Mcclelland,52.927
Duff,52.933
Velasco,52.939
Lentz,52.945
Grubb,52.951
Burrows,52.957
Barbour,52.963
Ulrich,52.969
Shockley,52.975
Rader,52.981
German,52.987
Beyer,52.993
Mixon,52.999
Layton,53.005
Altman,53.011
Alonzo,53.017
Weathers,53.023
Titus,53.029
Stoner,53.035
Squires,53.041
Shipp,53.047
Priest,53.053
Lipscomb,53.059
Cutler,53.065
Caballero,53.071
Zimmer,53.077
Willett,53.083
Thurston,53.089
Storey,53.095
Medley,53.101
Lyle,53.107
Epperson,53.113
Shah,53.119
Mcmillian,53.125
Baggett,53.131
Torrez,53.137
Laws,53.143
Hirsch,53.149
Dent,53.155
Corey,53.161
Poirier,53.167
Peachey,53.173
Jacques,53.179
Farrar,53.185
Creech,53.191
Barth,53.197
Trimble,53.203
France,53.209
Dupre,53.215
Albrecht,53.221
Sample,53.227
Lawler,53.233
Crisp,53.239
Conroy,53.245
Chadwick,53.251
Wetzel,53.257
Nesbitt,53.263
Murry,53.269
Jameson,53.275
Wilhelm,53.281
Patten,53.287
Minton,53.293
Matson,53.299
Kimbrough,53.305
Iverson,53.311
Guinn,53.317
Gale,53.323
Fortune,53.329
Croft,53.335
Toth,53.341
Pulliam,53.347
Nugent,53.353
Newby,53.359
Littlejohn,53.365
Dias,53.371
Canales,53.377
Bernier,53.383
Baron,53.389
Barney,53.395
Singletary,53.401
Renteria,53.407
Pruett,53.413
Mchugh,53.419
Mabry,53.425
Landrum,53.431
Brower,53.437
Weldon,53.443
Stoddard,53.449
Ruth,53.455
Cagle,53.461
Stjohn,53.467
Scales,53.473
Kohler,53.479
Kellogg,53.485
Hopson,53.491
Gant,53.497
Tharp,53.503
Gann,53.509
Zeigler,53.515
Pringle,53.521
Hammons,53.527
Fairchild,53.533
Deaton,53.539
Chavis,53.545
Carnes,53.551
Rowley,53.557
Matlock,53.563
Libby,53.569
Kearns,53.575
Irizarry,53.581
Carrington,53.587
Starkey,53.593
Pepper,53.599
Lopes,53.605
Jarrell,53.611
Fay,53.617
Craven,53.623
Beverly,53.629
Baum,53.635
Spain,53.640
Littlefield,53.645
Linn,53.650
Humphreys,53.655
Hook,53.660
High,53.665
Etheridge,53.670
Cuellar,53.675
Chastain,53.680
Chance,53.685
Bundy,53.690
Speer,53.695
Skelton,53.700
Quiroz,53.705
Pyle,53.710
Portillo,53.715
Ponder,53.720
Moulton,53.725
Machado,53.730
Liu,53.735
Killian,53.740
Hutson,53.745
Hitchcock,53.750
Ellsworth,53.755
Dowling,53.760
Cloud,53.765
Burdick,53.770
Spann,53.775
Pedersen,53.780
Levin,53.785
Leggett,53.790
Hayward,53.795
Hacker,53.800
Dietrich,53.805
Beaulieu,53.810
Barksdale,53.815
Wakefield,53.820
Snowden,53.825
Paris,53.830
Briscoe,53.835
Bowie,53.840
Berman,53.845
Ogle,53.850
Mcgregor,53.855
Laughlin,53.860
Helm,53.865
Burden,53.870
Wheatley,53.875
Schreiber,53.880
Pressley,53.885
Parris,53.890
Ng,53.895
Alaniz,53.900
Agee,53.905
Urban,53.910
Swann,53.915
Snodgrass,53.920
Schuster,53.925
Radford,53.930
Monk,53.935
Mattingly,53.940
Main,53.945
Lamar,53.950
Harp,53.955
Girard,53.960
Cheney,53.965
Yancey,53.970
Wagoner,53.975
Ridley,53.980
Lombardo,53.985
Lau,53.990
Hudgins,53.995
Gaskins,54.000
Duckworth,54.005
Coe,54.010
Coburn,54.015
Willey,54.020
Prado,54.025
Newberry,54.030
Magana,54.035
Hammonds,54.040
Elam,54.045
Whipple,54.050
Slade,54.055
Serna,54.060
Ojeda,54.065
Liles,54.070
Dorman,54.075
Diehl,54.080
Angel,54.085
Upton,54.090
Reardon,54.095
Michaels,54.100
Kelsey,54.105
Goetz,54.110
Eller,54.115
Bauman,54.120
Baer,54.125
Augustine,54.130
Layne,54.135
Hummel,54.140
Brenner,54.145
Amaya,54.150
Adamson,54.155
Ornelas,54.160
Dowell,54.165
Cloutier,54.170
Christy,54.175
Castellanos,54.180
Wing,54.185
Wellman,54.190
Saylor,54.195
Orourke,54.200
Moya,54.205
Montalvo,54.210
Kilpatrick,54.215
Harley,54.220
Durbin,54.225
Shell,54.230
Oldham,54.235
Kang,54.240
Garvin,54.245
Foss,54.250
Branham,54.255
Bartholomew,54.260
Templeton,54.265
Maguire,54.270
Holton,54.275
Alonso,54.280
Rider,54.285
Monahan,54.290
Mccormack,54.295
Beaty,54.300
Anders,54.305
Streeter,54.310
Nieto,54.315
Nielson,54.320
Moffett,54.325
Lankford,54.330
Keating,54.335
Heck,54.340
Gatlin,54.345
Delatorre,54.350
Callaway,54.355
Adcock,54.360
Worrell,54.365
Unger,54.370
Robinette,54.375
Nowak,54.380
Jeter,54.385
Brunner,54.390
Ashton,54.395
Steen,54.400
Parrott,54.405
Overstreet,54.410
Nobles,54.415
Montanez,54.420
Luther,54.425
Clevenger,54.430
Brinkley,54.435
Trahan,54.440
Quarles,54.445
Pickering,54.450
Pederson,54.455
Jansen,54.460
Grantham,54.465
Gilchrist,54.470
Crespo,54.475
Aiken,54.480
Schell,54.485
Schaeffer,54.490
Lorenz,54.495
Leyva,54.500
Harms,54.505
Dyson,54.510
Wallis,54.515
Pease,54.520
Leavitt,54.525
Hyman,54.530
Cheng,54.535
Cavanaugh,54.540
Batts,54.545
Warden,54.550
Seaman,54.555
Rockwell,54.560
Quezada,54.565
Paxton,54.570
Linder,54.575
Houck,54.580
Fontaine,54.585
Durant,54.590
Caruso,54.595
Adler,54.600
Pimentel,54.605
Mize,54.610
Lytle,54.615
Donald,54.620
Cleary,54.625
Cason,54.630
Acker,54.635
Switzer,54.640
Salmon,54.645
Isaacs,54.650
Higginbotham,54.655
Han,54.660
Waterman,54.665
Vandyke,54.670
Stamper,54.675
Sisk,54.680
Shuler,54.685
Riddick,54.690
Redman,54.695
Mcmahan,54.700
Levesque,54.705
Hatton,54.710
Bronson,54.715
Bollinger,54.720
Arnett,54.725
Okeefe,54.730
Gerber,54.735
